<?xml version="1.0"?>
<Settings component="StartMenu" version="4.4.167">
	<MenuStyle value="Classic2"/>
	<GlassOverride value="1"/>
	<GlassColor value="8750469"/>
	<SkinC1 value="Fluent-Metro"/>
	<SkinVariationC1 value=""/>
	<SkinOptionsC1>
		<Line>CAPTION=1</Line>
		<Line>USER_IMAGE=0</Line>
		<Line>USER_NAME=0</Line>
		<Line>CENTER_NAME=0</Line>
		<Line>SMALL_ICONS=0</Line>
		<Line>LARGE_FONT=0</Line>
		<Line>ICON_FRAMES=1</Line>
		<Line>OPAQUE=0</Line>
	</SkinOptionsC1>
	<SkinC2 value="Fluent-Metro"/>
	<SkinVariationC2 value=""/>
	<SkinOptionsC2>
		<Line>TILES=1</Line>
		<Line>CURVED_TILES=1</Line>
		<Line>TILES_PADDING=1</Line>
		<Line>ST=0</Line>
		<Line>MT=1</Line>
		<Line>LT=0</Line>
		<Line>DARK_MAIN=0</Line>
		<Line>METRO_MAIN=0</Line>
		<Line>LIGHT_MAIN=0</Line>
		<Line>AUTOMODE_MAIN=1</Line>
		<Line>DARK_SUBMENU=0</Line>
		<Line>METRO_SUBMENU=0</Line>
		<Line>LIGHT_SUBMENU=0</Line>
		<Line>AUTOMODE_SUBMENU=1</Line>
		<Line>SUBMENU_SEPARATORS=1</Line>
		<Line>NONE=0</Line>
		<Line>SEPARATOR=0</Line>
		<Line>TWO_TONE=1</Line>
		<Line>EXPERIMENTAL_SEARCH=1</Line>
		<Line>MODERN_SEARCH=1</Line>
		<Line>SEARCH_ITALICS=0</Line>
		<Line>CLASSIC_SELECTOR=1</Line>
		<Line>HALF_SELECTOR=0</Line>
		<Line>CURVED_MENUSEL=1</Line>
		<Line>CURVED_SUBMENU=0</Line>
		<Line>SELECTOR_REVEAL=0</Line>
		<Line>OPAQUE=0</Line>
		<Line>OPAQUE_SUBMENU=1</Line>
		<Line>NO_ICON=1</Line>
		<Line>STANDARD=1</Line>
		<Line>SMALL_MAIN2=0</Line>
		<Line>SMALL_ICONS=0</Line>
		<Line>COMPACT_SUBMENU=0</Line>
		<Line>PRESERVE_MAIN2=0</Line>
		<Line>24_PADDING=0</Line>
		<Line>LARGE_FONT=0</Line>
		<Line>LARGE_SUBMENU=0</Line>
		<Line>THIN_MAIN2=0</Line>
		<Line>EXPERIMENTAL_MAIN2=1</Line>
		<Line>USER_IMAGE=1</Line>
		<Line>EXPERIMENTAL_USER=1</Line>
		<Line>SMALL_ARROWS=0</Line>
		<Line>ARROW_BACKGROUND=1</Line>
		<Line>ICON_FRAME=0</Line>
	</SkinOptionsC2>
	<SkinW7 value="Fluent-Metro"/>
	<SkinVariationW7 value=""/>
	<SkinOptionsW7>
		<Line>USER_IMAGE=1</Line>
		<Line>SMALL_ICONS=0</Line>
		<Line>LARGE_FONT=0</Line>
		<Line>ICON_FRAMES=1</Line>
		<Line>OPAQUE=0</Line>
	</SkinOptionsW7>
	<SkipMetro value="1"/>
	<MenuItems2>
		<Line>Items=COLUMN_PADDING,ProgramsMenu,AppsMenu,SearchBoxItem,COLUMN_BREAK,CustomItem5,CustomItem4,SEPARATOR,CustomItem3,CustomItem2,CustomItem,COLUMN_PADDING,SEPARATOR,ShutdownBoxItem</Line>
		<Line>ProgramsMenu.Command=programs</Line>
		<Line>ProgramsMenu.Label=$Menu.Programs</Line>
		<Line>ProgramsMenu.Icon=shell32.dll,326</Line>
		<Line>AppsMenu.Command=apps</Line>
		<Line>AppsMenu.Label=$Menu.Apps</Line>
		<Line>AppsMenu.Icon=,2</Line>
		<Line>SearchBoxItem.Command=search_box</Line>
		<Line>SearchBoxItem.Label=$Menu.SearchBox</Line>
		<Line>SearchBoxItem.Icon=none</Line>
		<Line>SearchBoxItem.Settings=OPEN_UP|TRACK_RECENT</Line>
		<Line>CustomItem5.Items=UserFilesItem,UserDocumentsItem,UserPicturesItem</Line>
		<Line>CustomItem5.Label=Add items here:</Line>
		<Line>CustomItem5.Settings=INLINE</Line>
		<Line>UserFilesItem.Command=user_files</Line>
		<Line>UserFilesItem.Tip=$Menu.UserFilesTip</Line>
		<Line>UserDocumentsItem.Command=user_documents</Line>
		<Line>UserDocumentsItem.Tip=$Menu.UserDocumentsTip</Line>
		<Line>UserPicturesItem.Command=user_pictures</Line>
		<Line>UserPicturesItem.Tip=$Menu.UserPicturesTip</Line>
		<Line>CustomItem4.Items=ComputerItem,RecentDocumentsItem,PCSettingsItem</Line>
		<Line>CustomItem4.Label=Add items here:</Line>
		<Line>CustomItem4.Settings=INLINE</Line>
		<Line>ComputerItem.Command=computer</Line>
		<Line>RecentDocumentsItem.Command=recent_documents</Line>
		<Line>RecentDocumentsItem.Settings=ITEMS_FIRST</Line>
		<Line>PCSettingsItem.Command=pc_settings</Line>
		<Line>PCSettingsItem.Label=$Menu.PCSettings</Line>
		<Line>PCSettingsItem.Icon=%windir%\ImmersiveControlPanel\SystemSettings.exe,10</Line>
		<Line>PCSettingsItem.Settings=TRACK_RECENT</Line>
		<Line>CustomItem3.Items=ControlPanelItem,NetworkItem,PrintersItem</Line>
		<Line>CustomItem3.Label=Add items here:</Line>
		<Line>CustomItem3.Settings=INLINE</Line>
		<Line>ControlPanelItem.Command=control_panel</Line>
		<Line>ControlPanelItem.Label=$Menu.ControlPanel</Line>
		<Line>ControlPanelItem.Tip=$Menu.ControlPanelTip</Line>
		<Line>ControlPanelItem.Icon=shell32.dll,137</Line>
		<Line>ControlPanelItem.Settings=TRACK_RECENT</Line>
		<Line>NetworkItem.Command=network_connections</Line>
		<Line>NetworkItem.Label=$Menu.Network</Line>
		<Line>NetworkItem.Tip=$Menu.NetworkTip</Line>
		<Line>NetworkItem.Icon=shell32.dll,257</Line>
		<Line>PrintersItem.Command=printers</Line>
		<Line>PrintersItem.Label=$Menu.Printers</Line>
		<Line>PrintersItem.Tip=$Menu.PrintersTip</Line>
		<Line>PrintersItem.Icon=shell32.dll,138</Line>
		<Line>CustomItem2.Items=SearchFilesItem,HelpItem,RunItem</Line>
		<Line>CustomItem2.Label=Add items here:</Line>
		<Line>CustomItem2.Settings=INLINE</Line>
		<Line>SearchFilesItem.Command=search_files</Line>
		<Line>SearchFilesItem.Label=$Menu.SearchFiles</Line>
		<Line>SearchFilesItem.Tip=$Menu.SearchFilesTip</Line>
		<Line>SearchFilesItem.Icon=shell32.dll,134</Line>
		<Line>HelpItem.Command=help</Line>
		<Line>HelpItem.Label=$Menu.Help</Line>
		<Line>HelpItem.Tip=$Menu.HelpTip</Line>
		<Line>HelpItem.Icon=imageres.dll,99</Line>
		<Line>RunItem.Command=run</Line>
		<Line>RunItem.Label=$Menu.Run</Line>
		<Line>RunItem.Tip=$Menu.RunTip</Line>
		<Line>RunItem.Icon=shell32.dll,328</Line>
		<Line>CustomItem.Items=FavoritesItem,SecurityItem</Line>
		<Line>CustomItem.Label=Add items here:</Line>
		<Line>CustomItem.Settings=INLINE</Line>
		<Line>FavoritesItem.Command=favorites</Line>
		<Line>FavoritesItem.Label=$Menu.Favorites</Line>
		<Line>FavoritesItem.Icon=imageres.dll,1024</Line>
		<Line>SecurityItem.Command=windows_security</Line>
		<Line>SecurityItem.Label=$Menu.Security</Line>
		<Line>SecurityItem.Tip=$Menu.SecurityTip</Line>
		<Line>SecurityItem.Icon=shell32.dll,48</Line>
		<Line>ShutdownBoxItem.Items=SwitchUserItem,LogOffItem,LockItem,SEPARATOR,SleepItem,HibernateItem,SEPARATOR,RestartNUItem,RestartItem,UndockItem,DisconnectItem,ShutdownNUItem,ShutdownItem</Line>
		<Line>ShutdownBoxItem.Command=shutdown_box</Line>
		<Line>ShutdownBoxItem.Label=$Menu.ShutdownBox</Line>
		<Line>ShutdownBoxItem.Icon=shell32.dll,329</Line>
		<Line>ShutdownBoxItem.Settings=SPLIT</Line>
		<Line>SwitchUserItem.Command=switch_user</Line>
		<Line>SwitchUserItem.Label=$Menu.SwitchUser</Line>
		<Line>SwitchUserItem.Tip=$Menu.SwitchUserTip</Line>
		<Line>SwitchUserItem.Icon=none</Line>
		<Line>LogOffItem.Command=logoff</Line>
		<Line>LogOffItem.Label=$Menu.LogOffShort</Line>
		<Line>LogOffItem.Tip=$Menu.LogOffTip</Line>
		<Line>LogOffItem.Icon=none</Line>
		<Line>LockItem.Command=lock</Line>
		<Line>LockItem.Label=$Menu.Lock</Line>
		<Line>LockItem.Tip=$Menu.LockTip</Line>
		<Line>LockItem.Icon=none</Line>
		<Line>SleepItem.Command=sleep</Line>
		<Line>SleepItem.Label=$Menu.Sleep</Line>
		<Line>SleepItem.Tip=$Menu.SleepTip</Line>
		<Line>SleepItem.Icon=none</Line>
		<Line>HibernateItem.Command=hibernate</Line>
		<Line>HibernateItem.Label=$Menu.Hibernate</Line>
		<Line>HibernateItem.Tip=$Menu.HibernateTip</Line>
		<Line>HibernateItem.Icon=none</Line>
		<Line>RestartNUItem.Command=restart_noupdate</Line>
		<Line>RestartNUItem.Label=$Menu.Restart</Line>
		<Line>RestartNUItem.Tip=$Menu.RestartTip</Line>
		<Line>RestartNUItem.Icon=none</Line>
		<Line>RestartItem.Command=restart</Line>
		<Line>RestartItem.Label=$Menu.Restart</Line>
		<Line>RestartItem.Tip=$Menu.RestartTip</Line>
		<Line>RestartItem.Icon=none</Line>
		<Line>UndockItem.Command=undock</Line>
		<Line>UndockItem.Label=$Menu.Undock</Line>
		<Line>UndockItem.Tip=$Menu.UndockTip</Line>
		<Line>UndockItem.Icon=none</Line>
		<Line>DisconnectItem.Command=disconnect</Line>
		<Line>DisconnectItem.Label=$Menu.Disconnect</Line>
		<Line>DisconnectItem.Tip=$Menu.DisconnectTip</Line>
		<Line>DisconnectItem.Icon=none</Line>
		<Line>ShutdownNUItem.Command=shutdown_noupdate</Line>
		<Line>ShutdownNUItem.Label=$Menu.Shutdown</Line>
		<Line>ShutdownNUItem.Tip=$Menu.ShutdownTip</Line>
		<Line>ShutdownNUItem.Icon=none</Line>
		<Line>ShutdownItem.Command=shutdown</Line>
		<Line>ShutdownItem.Label=$Menu.Shutdown</Line>
		<Line>ShutdownItem.Tip=$Menu.ShutdownTip</Line>
		<Line>ShutdownItem.Icon=none</Line>
	</MenuItems2>
</Settings>
